date,scenario,baseline_peak_kw,baseline_demand_charge,baseline_energy_cost,baseline_comfort_violation_min,cost_first_peak_kw,cost_first_reduction_kw,cost_first_feasible,cost_first_shortfall_kw,cost_first_demand_charge,cost_first_energy_cost,cost_first_comfort_violation_min,cost_first_hard_violation,cost_first_optout_violation,cost_first_runtime_s,occupant_first_peak_kw,occupant_first_reduction_kw,occupant_first_feasible,occupant_first_shortfall_kw,occupant_first_demand_charge,occupant_first_energy_cost,occupant_first_comfort_violation_min,occupant_first_hard_violation,occupant_first_optout_violation,occupant_first_runtime_s
2026-06-01,NORMAL,685.6,41136.0,87238.57,270,685.6,0.0,True,0.0,41136.0,87238.57,0,0,0,0.0015,685.6,0.0,True,0.0,41136.0,87238.57,0,0,0,0.0007
2026-06-02,NORMAL,687.3,41238.0,87126.3,210,687.3,0.0,True,0.0,41238.0,87126.3,0,0,0,0.0006,687.3,0.0,True,0.0,41238.0,87126.3,0,0,0,0.0006
2026-06-03,HOT,718.6,43116.0,91476.39,3615,718.6,0.0,True,0.0,43116.0,91476.39,0,0,0,0.0006,718.6,0.0,True,0.0,43116.0,91476.39,0,0,0,0.0006
2026-06-04,HIGH_OCCUPANCY,695.3,41718.0,89725.45,360,695.3,0.0,True,0.0,41718.0,89725.45,0,0,0,0.0007,695.3,0.0,True,0.0,41718.0,89725.45,0,0,0,0.0006
2026-06-05,NORMAL,691.6,41496.0,87459.09,285,691.6,0.0,True,0.0,41496.0,87459.09,0,0,0,0.0006,691.6,0.0,True,0.0,41496.0,87459.09,0,0,0,0.0006
2026-06-06,LOW_OCCUPANCY,640.8,38448.0,81723.67,15,640.8,0.0,True,0.0,38448.0,81723.67,0,0,0,0.0006,640.8,0.0,True,0.0,38448.0,81723.67,0,0,0,0.0006
2026-06-07,NORMAL,696.4,41784.0,87761.07,285,696.4,0.0,True,0.0,41784.0,87761.07,0,0,0,0.0007,696.4,0.0,True,0.0,41784.0,87761.07,0,0,0,0.0006
2026-06-08,HIGH_PRODUCTION,881.6,52896.0,109499.44,270,750.0,131.6,True,0.0,45000.0,100419.04,0,0,0,0.035,750.0,131.6,True,0.0,45000.0,100419.04,0,0,0,0.0055
2026-06-09,NORMAL,690.3,41418.0,87216.69,240,690.3,0.0,True,0.0,41418.0,87216.69,0,0,0,0.0007,690.3,0.0,True,0.0,41418.0,87216.69,0,0,0,0.0006
2026-06-10,HOT,726.7,43602.0,91892.05,3600,726.7,0.0,True,0.0,43602.0,91892.05,0,0,0,0.0006,726.7,0.0,True,0.0,43602.0,91892.05,0,0,0,0.0006
2026-06-11,EQUIPMENT_FAILURE,691.4,41484.0,87057.91,165,691.4,0.0,True,0.0,41484.0,87057.91,0,0,0,0.0007,691.4,0.0,True,0.0,41484.0,87057.91,0,0,0,0.0006
2026-06-12,NORMAL,679.8,40788.0,87430.41,225,679.8,0.0,True,0.0,40788.0,87430.41,0,0,0,0.0006,679.8,0.0,True,0.0,40788.0,87430.41,0,0,0,0.0006
2026-06-13,MULTIPLE_OPTOUTS,682.6,40956.0,87476.04,285,682.6,0.0,True,0.0,40956.0,87476.04,0,0,0,0.0006,682.6,0.0,True,0.0,40956.0,87476.04,0,0,0,0.0006
2026-06-14,NORMAL,690.2,41412.0,87260.83,270,690.2,0.0,True,0.0,41412.0,87260.83,0,0,0,0.0007,690.2,0.0,True,0.0,41412.0,87260.83,0,0,0,0.0006
2026-06-15,EXTREME_HEAT,874.9,52494.0,119492.45,7035,750.0,124.9,True,0.0,45000.0,110874.35,0,0,0,0.0054,750.0,124.9,True,0.0,45000.0,110874.35,0,0,0,0.0341
2026-06-16,NORMAL,690.2,41412.0,87644.62,255,690.2,0.0,True,0.0,41412.0,87644.62,0,0,0,0.0008,690.2,0.0,True,0.0,41412.0,87644.62,0,0,0,0.0007
2026-06-17,MISSING_DATA,694.8,41688.0,87377.44,210,694.8,0.0,True,0.0,41688.0,87377.44,0,0,0,0.0006,694.8,0.0,True,0.0,41688.0,87377.44,0,0,0,0.0006
2026-06-18,NORMAL,690.0,41400.0,87369.82,150,690.0,0.0,True,0.0,41400.0,87369.82,0,0,0,0.0006,690.0,0.0,True,0.0,41400.0,87369.82,0,0,0,0.0006
2026-06-19,HIGH_OCCUPANCY,690.8,41448.0,89717.83,300,690.8,0.0,True,0.0,41448.0,89717.83,0,0,0,0.0006,690.8,0.0,True,0.0,41448.0,89717.83,0,0,0,0.0006
2026-06-20,OFFLINE,700.1,42006.0,87579.68,240,700.1,0.0,True,0.0,42006.0,87579.68,0,0,0,0.0007,700.1,0.0,True,0.0,42006.0,87579.68,0,0,0,0.0006
2026-06-21,NORMAL,681.5,40890.0,87557.8,150,681.5,0.0,True,0.0,40890.0,87557.8,0,0,0,0.0006,681.5,0.0,True,0.0,40890.0,87557.8,0,0,0,0.0006
2026-06-22,HOT,717.2,43032.0,91692.76,3720,717.2,0.0,True,0.0,43032.0,91692.76,0,0,0,0.0007,717.2,0.0,True,0.0,43032.0,91692.76,0,0,0,0.0006
2026-06-23,NORMAL,695.9,41754.0,87743.81,255,695.9,0.0,True,0.0,41754.0,87743.81,0,0,0,0.0006,695.9,0.0,True,0.0,41754.0,87743.81,0,0,0,0.0006
2026-06-24,LOW_OCCUPANCY,649.9,38994.0,81946.94,60,649.9,0.0,True,0.0,38994.0,81946.94,0,0,0,0.0006,649.9,0.0,True,0.0,38994.0,81946.94,0,0,0,0.0006
2026-06-25,NORMAL,690.7,41442.0,87263.21,210,690.7,0.0,True,0.0,41442.0,87263.21,0,0,0,0.0006,690.7,0.0,True,0.0,41442.0,87263.21,0,0,0,0.0006
2026-06-26,HIGH_PRODUCTION,887.6,53256.0,109396.45,210,750.0,137.6,True,0.0,45000.0,99902.05,0,0,0,0.0054,750.0,137.6,True,0.0,45000.0,99902.05,0,0,0,0.0052
2026-06-27,EQUIPMENT_FAILURE,686.4,41184.0,87548.39,90,686.4,0.0,True,0.0,41184.0,87548.39,0,0,0,0.0006,686.4,0.0,True,0.0,41184.0,87548.39,0,0,0,0.0006
2026-06-28,NORMAL,688.3,41298.0,87601.19,240,688.3,0.0,True,0.0,41298.0,87601.19,0,0,0,0.0006,688.3,0.0,True,0.0,41298.0,87601.19,0,0,0,0.0006
2026-06-29,EXTREME_HEAT,871.5,52290.0,119870.44,7035,761.3,119.0,True,0.0,45678.0,111585.06,0,0,0,0.0051,761.3,119.0,True,0.0,45678.0,111585.06,0,0,0,0.0051
2026-06-30,NORMAL,685.2,41112.0,87421.4,270,685.2,0.0,True,0.0,41112.0,87421.4,0,0,0,0.0006,685.2,0.0,True,0.0,41112.0,87421.4,0,0,0,0.0006
