date,scenario,target_reduction_kw,plans_identical,cost_first_actions,occupant_first_actions,cost_first_comfort_risk,occupant_first_comfort_risk,comfort_risk_diff,cost_first_office_hvac_kw,occupant_first_office_hvac_kw,office_hvac_divergence_kw
2026-06-01,NORMAL,20.0,True,['PUMP_FLEX_1'],['PUMP_FLEX_1'],0.0,0.0,0.0,0.0,0.0,0.0
2026-06-01,NORMAL,35.0,False,"['PUMP_FLEX_1', 'HVAC_WAREHOUSE']","['PUMP_FLEX_1', 'LIGHTING_WAREHOUSE']",0.0,0.0,0.0,0.0,0.0,0.0
2026-06-01,NORMAL,50.0,False,"['HVAC_WAREHOUSE', 'PUMP_FLEX_1']","['PUMP_FLEX_1', 'COMPRESSOR_B', 'LIGHTING_WAREHOUSE']",0.0,0.0,0.0,0.0,0.0,0.0
2026-06-01,NORMAL,65.0,False,"['HVAC_WAREHOUSE', 'PUMP_FLEX_1', 'LIGHTING_WAREHOUSE']","['COMPRESSOR_B', 'PUMP_FLEX_1', 'LIGHTING_WAREHOUSE']",0.0,0.0,0.0,0.0,0.0,0.0
2026-06-02,NORMAL,20.0,True,['PUMP_FLEX_1'],['PUMP_FLEX_1'],0.0,0.0,0.0,0.0,0.0,0.0
2026-06-02,NORMAL,35.0,False,"['PUMP_FLEX_1', 'HVAC_WAREHOUSE']","['PUMP_FLEX_1', 'LIGHTING_WAREHOUSE']",0.0,0.0,0.0,0.0,0.0,0.0
2026-06-02,NORMAL,50.0,False,"['HVAC_WAREHOUSE', 'PUMP_FLEX_1']","['PUMP_FLEX_1', 'COMPRESSOR_B', 'LIGHTING_WAREHOUSE']",0.0,0.0,0.0,0.0,0.0,0.0
2026-06-02,NORMAL,65.0,False,"['HVAC_WAREHOUSE', 'PUMP_FLEX_1', 'LIGHTING_WAREHOUSE']","['COMPRESSOR_B', 'PUMP_FLEX_1', 'LIGHTING_WAREHOUSE']",0.0,0.0,0.0,0.0,0.0,0.0
2026-06-03,HOT,20.0,True,['PUMP_FLEX_1'],['PUMP_FLEX_1'],0.0,0.0,0.0,0.0,0.0,0.0
2026-06-03,HOT,35.0,False,"['PUMP_FLEX_1', 'HVAC_WAREHOUSE']","['PUMP_FLEX_1', 'LIGHTING_WAREHOUSE']",0.0,0.0,0.0,0.0,0.0,0.0
2026-06-03,HOT,50.0,False,"['HVAC_WAREHOUSE', 'PUMP_FLEX_1']","['PUMP_FLEX_1', 'COMPRESSOR_B', 'LIGHTING_WAREHOUSE']",0.0,0.0,0.0,0.0,0.0,0.0
2026-06-03,HOT,65.0,False,"['HVAC_WAREHOUSE', 'PUMP_FLEX_1', 'LIGHTING_WAREHOUSE']","['COMPRESSOR_B', 'PUMP_FLEX_1', 'LIGHTING_WAREHOUSE']",0.0,0.0,0.0,0.0,0.0,0.0
2026-06-04,HIGH_OCCUPANCY,20.0,True,['PUMP_FLEX_1'],['PUMP_FLEX_1'],0.0,0.0,0.0,0.0,0.0,0.0
2026-06-04,HIGH_OCCUPANCY,35.0,False,"['PUMP_FLEX_1', 'HVAC_WAREHOUSE']","['PUMP_FLEX_1', 'LIGHTING_WAREHOUSE']",0.0,0.0,0.0,0.0,0.0,0.0
2026-06-04,HIGH_OCCUPANCY,50.0,False,"['HVAC_WAREHOUSE', 'PUMP_FLEX_1']","['PUMP_FLEX_1', 'COMPRESSOR_B', 'LIGHTING_WAREHOUSE']",0.0,0.0,0.0,0.0,0.0,0.0
2026-06-04,HIGH_OCCUPANCY,65.0,False,"['HVAC_WAREHOUSE', 'PUMP_FLEX_1', 'LIGHTING_WAREHOUSE']","['COMPRESSOR_B', 'PUMP_FLEX_1', 'LIGHTING_WAREHOUSE']",0.0,0.0,0.0,0.0,0.0,0.0
2026-06-05,NORMAL,20.0,True,['PUMP_FLEX_1'],['PUMP_FLEX_1'],0.0,0.0,0.0,0.0,0.0,0.0
2026-06-05,NORMAL,35.0,False,"['PUMP_FLEX_1', 'HVAC_WAREHOUSE']","['PUMP_FLEX_1', 'LIGHTING_WAREHOUSE']",0.0,0.0,0.0,0.0,0.0,0.0
2026-06-05,NORMAL,50.0,False,"['HVAC_WAREHOUSE', 'PUMP_FLEX_1']","['PUMP_FLEX_1', 'COMPRESSOR_B', 'LIGHTING_WAREHOUSE']",0.0,0.0,0.0,0.0,0.0,0.0
2026-06-05,NORMAL,65.0,False,"['HVAC_WAREHOUSE', 'PUMP_FLEX_1', 'LIGHTING_WAREHOUSE']","['COMPRESSOR_B', 'PUMP_FLEX_1', 'LIGHTING_WAREHOUSE']",0.0,0.0,0.0,0.0,0.0,0.0
2026-06-06,LOW_OCCUPANCY,20.0,True,['PUMP_FLEX_1'],['PUMP_FLEX_1'],0.0,0.0,0.0,0.0,0.0,0.0
2026-06-06,LOW_OCCUPANCY,35.0,False,"['PUMP_FLEX_1', 'HVAC_WAREHOUSE']","['PUMP_FLEX_1', 'LIGHTING_WAREHOUSE']",0.0,0.0,0.0,0.0,0.0,0.0
2026-06-06,LOW_OCCUPANCY,50.0,False,"['HVAC_WAREHOUSE', 'PUMP_FLEX_1']","['PUMP_FLEX_1', 'COMPRESSOR_B', 'LIGHTING_WAREHOUSE']",0.0,0.0,0.0,0.0,0.0,0.0
2026-06-06,LOW_OCCUPANCY,65.0,False,"['HVAC_WAREHOUSE', 'PUMP_FLEX_1', 'LIGHTING_WAREHOUSE']","['COMPRESSOR_B', 'PUMP_FLEX_1', 'LIGHTING_WAREHOUSE']",0.0,0.0,0.0,0.0,0.0,0.0
2026-06-07,NORMAL,20.0,True,['PUMP_FLEX_1'],['PUMP_FLEX_1'],0.0,0.0,0.0,0.0,0.0,0.0
2026-06-07,NORMAL,35.0,False,"['PUMP_FLEX_1', 'HVAC_WAREHOUSE']","['PUMP_FLEX_1', 'LIGHTING_WAREHOUSE']",0.0,0.0,0.0,0.0,0.0,0.0
2026-06-07,NORMAL,50.0,False,"['HVAC_WAREHOUSE', 'PUMP_FLEX_1']","['PUMP_FLEX_1', 'COMPRESSOR_B', 'LIGHTING_WAREHOUSE']",0.0,0.0,0.0,0.0,0.0,0.0
2026-06-07,NORMAL,65.0,False,"['HVAC_WAREHOUSE', 'PUMP_FLEX_1', 'LIGHTING_WAREHOUSE']","['COMPRESSOR_B', 'PUMP_FLEX_1', 'LIGHTING_WAREHOUSE']",0.0,0.0,0.0,0.0,0.0,0.0
2026-06-08,HIGH_PRODUCTION,20.0,True,['PUMP_FLEX_1'],['PUMP_FLEX_1'],0.0,0.0,0.0,0.0,0.0,0.0
2026-06-08,HIGH_PRODUCTION,35.0,False,"['PUMP_FLEX_1', 'HVAC_WAREHOUSE']","['PUMP_FLEX_1', 'LIGHTING_WAREHOUSE']",0.0,0.0,0.0,0.0,0.0,0.0
2026-06-08,HIGH_PRODUCTION,50.0,False,"['HVAC_WAREHOUSE', 'PUMP_FLEX_1']","['PUMP_FLEX_1', 'COMPRESSOR_B', 'LIGHTING_WAREHOUSE']",0.0,0.0,0.0,0.0,0.0,0.0
2026-06-08,HIGH_PRODUCTION,65.0,False,"['HVAC_WAREHOUSE', 'PUMP_FLEX_1', 'LIGHTING_WAREHOUSE']","['COMPRESSOR_B', 'PUMP_FLEX_1', 'LIGHTING_WAREHOUSE']",0.0,0.0,0.0,0.0,0.0,0.0
2026-06-09,NORMAL,20.0,True,['PUMP_FLEX_1'],['PUMP_FLEX_1'],0.0,0.0,0.0,0.0,0.0,0.0
2026-06-09,NORMAL,35.0,False,"['PUMP_FLEX_1', 'HVAC_WAREHOUSE']","['PUMP_FLEX_1', 'LIGHTING_WAREHOUSE']",0.0,0.0,0.0,0.0,0.0,0.0
2026-06-09,NORMAL,50.0,False,"['HVAC_WAREHOUSE', 'PUMP_FLEX_1']","['PUMP_FLEX_1', 'COMPRESSOR_B', 'LIGHTING_WAREHOUSE']",0.0,0.0,0.0,0.0,0.0,0.0
2026-06-09,NORMAL,65.0,False,"['HVAC_WAREHOUSE', 'PUMP_FLEX_1', 'LIGHTING_WAREHOUSE']","['COMPRESSOR_B', 'PUMP_FLEX_1', 'LIGHTING_WAREHOUSE']",0.0,0.0,0.0,0.0,0.0,0.0
2026-06-10,HOT,20.0,True,['PUMP_FLEX_1'],['PUMP_FLEX_1'],0.0,0.0,0.0,0.0,0.0,0.0
2026-06-10,HOT,35.0,False,"['PUMP_FLEX_1', 'HVAC_WAREHOUSE']","['PUMP_FLEX_1', 'LIGHTING_WAREHOUSE']",0.0,0.0,0.0,0.0,0.0,0.0
2026-06-10,HOT,50.0,False,"['HVAC_WAREHOUSE', 'PUMP_FLEX_1']","['PUMP_FLEX_1', 'COMPRESSOR_B', 'LIGHTING_WAREHOUSE']",0.0,0.0,0.0,0.0,0.0,0.0
2026-06-10,HOT,65.0,False,"['HVAC_WAREHOUSE', 'PUMP_FLEX_1', 'LIGHTING_WAREHOUSE']","['COMPRESSOR_B', 'PUMP_FLEX_1', 'LIGHTING_WAREHOUSE']",0.0,0.0,0.0,0.0,0.0,0.0
2026-06-11,EQUIPMENT_FAILURE,20.0,True,['PUMP_FLEX_1'],['PUMP_FLEX_1'],0.0,0.0,0.0,0.0,0.0,0.0
2026-06-11,EQUIPMENT_FAILURE,35.0,False,"['PUMP_FLEX_1', 'HVAC_WAREHOUSE']","['PUMP_FLEX_1', 'LIGHTING_WAREHOUSE']",0.0,0.0,0.0,0.0,0.0,0.0
2026-06-11,EQUIPMENT_FAILURE,50.0,False,"['HVAC_WAREHOUSE', 'PUMP_FLEX_1']","['PUMP_FLEX_1', 'COMPRESSOR_B', 'LIGHTING_WAREHOUSE']",0.0,0.0,0.0,0.0,0.0,0.0
2026-06-11,EQUIPMENT_FAILURE,65.0,False,"['HVAC_WAREHOUSE', 'PUMP_FLEX_1', 'LIGHTING_WAREHOUSE']","['COMPRESSOR_B', 'PUMP_FLEX_1', 'LIGHTING_WAREHOUSE']",0.0,0.0,0.0,0.0,0.0,0.0
2026-06-12,NORMAL,20.0,True,['PUMP_FLEX_1'],['PUMP_FLEX_1'],0.0,0.0,0.0,0.0,0.0,0.0
2026-06-12,NORMAL,35.0,False,"['PUMP_FLEX_1', 'HVAC_WAREHOUSE']","['PUMP_FLEX_1', 'LIGHTING_WAREHOUSE']",0.0,0.0,0.0,0.0,0.0,0.0
2026-06-12,NORMAL,50.0,False,"['HVAC_WAREHOUSE', 'PUMP_FLEX_1']","['PUMP_FLEX_1', 'COMPRESSOR_B', 'LIGHTING_WAREHOUSE']",0.0,0.0,0.0,0.0,0.0,0.0
2026-06-12,NORMAL,65.0,False,"['HVAC_WAREHOUSE', 'PUMP_FLEX_1', 'LIGHTING_WAREHOUSE']","['COMPRESSOR_B', 'PUMP_FLEX_1', 'LIGHTING_WAREHOUSE']",0.0,0.0,0.0,0.0,0.0,0.0
2026-06-13,MULTIPLE_OPTOUTS,20.0,True,['PUMP_FLEX_1'],['PUMP_FLEX_1'],0.0,0.0,0.0,0.0,0.0,0.0
2026-06-13,MULTIPLE_OPTOUTS,35.0,False,"['PUMP_FLEX_1', 'HVAC_WAREHOUSE']","['PUMP_FLEX_1', 'LIGHTING_WAREHOUSE']",0.0,0.0,0.0,0.0,0.0,0.0
2026-06-13,MULTIPLE_OPTOUTS,50.0,False,"['HVAC_WAREHOUSE', 'PUMP_FLEX_1']","['PUMP_FLEX_1', 'COMPRESSOR_B', 'LIGHTING_WAREHOUSE']",0.0,0.0,0.0,0.0,0.0,0.0
2026-06-13,MULTIPLE_OPTOUTS,65.0,False,"['HVAC_WAREHOUSE', 'PUMP_FLEX_1', 'LIGHTING_WAREHOUSE']","['COMPRESSOR_B', 'PUMP_FLEX_1', 'LIGHTING_WAREHOUSE']",0.0,0.0,0.0,0.0,0.0,0.0
2026-06-14,NORMAL,20.0,True,['PUMP_FLEX_1'],['PUMP_FLEX_1'],0.0,0.0,0.0,0.0,0.0,0.0
2026-06-14,NORMAL,35.0,False,"['PUMP_FLEX_1', 'HVAC_WAREHOUSE']","['PUMP_FLEX_1', 'LIGHTING_WAREHOUSE']",0.0,0.0,0.0,0.0,0.0,0.0
2026-06-14,NORMAL,50.0,False,"['HVAC_WAREHOUSE', 'PUMP_FLEX_1']","['PUMP_FLEX_1', 'COMPRESSOR_B', 'LIGHTING_WAREHOUSE']",0.0,0.0,0.0,0.0,0.0,0.0
2026-06-14,NORMAL,65.0,False,"['HVAC_WAREHOUSE', 'PUMP_FLEX_1', 'LIGHTING_WAREHOUSE']","['COMPRESSOR_B', 'PUMP_FLEX_1', 'LIGHTING_WAREHOUSE']",0.0,0.0,0.0,0.0,0.0,0.0
2026-06-15,EXTREME_HEAT,20.0,True,['PUMP_FLEX_1'],['PUMP_FLEX_1'],0.0,0.0,0.0,0.0,0.0,0.0
2026-06-15,EXTREME_HEAT,35.0,True,"['PUMP_FLEX_1', 'LIGHTING_WAREHOUSE']","['PUMP_FLEX_1', 'LIGHTING_WAREHOUSE']",0.0,0.0,0.0,0.0,0.0,0.0
2026-06-15,EXTREME_HEAT,50.0,False,"['PUMP_FLEX_1', 'COMPRESSOR_A', 'LIGHTING_WAREHOUSE']","['PUMP_FLEX_1', 'COMPRESSOR_B', 'LIGHTING_WAREHOUSE']",0.0,0.0,0.0,0.0,0.0,0.0
2026-06-15,EXTREME_HEAT,65.0,False,"['COMPRESSOR_A', 'PUMP_FLEX_1', 'LIGHTING_WAREHOUSE']","['COMPRESSOR_B', 'PUMP_FLEX_1', 'LIGHTING_WAREHOUSE']",0.0,0.0,0.0,0.0,0.0,0.0
