date,actual_peak_kw,hist_predicted_peak_kw,hist_peak_error_kw,hist_peak_error_pct,hist_mae_kw,ml_predicted_peak_kw,ml_peak_error_kw,ml_peak_error_pct,ml_mae_kw
2026-06-01,685.6,805.0,119.4,17.41,92.77,,,,
2026-06-02,687.3,687.5,0.2,0.02,5.47,,,,
2026-06-03,718.6,697.4,21.2,2.95,16.52,,,,
2026-06-04,695.3,689.0,6.2,0.9,9.96,,,,
2026-06-05,691.6,733.8,42.2,6.11,28.86,,,,
2026-06-06,640.8,672.6,31.8,4.96,21.02,,,,
2026-06-07,696.4,683.5,12.9,1.85,4.82,,,,
2026-06-08,881.6,805.0,76.6,8.69,45.41,,,,
2026-06-09,690.3,687.5,2.8,0.41,5.22,,,,
2026-06-10,726.7,697.4,29.3,4.03,18.51,,,,
2026-06-11,691.4,689.0,2.4,0.34,5.86,,,,
2026-06-12,679.8,733.8,54.0,7.95,29.01,,,,
2026-06-13,682.6,672.6,10.0,1.47,7.78,,,,
2026-06-14,690.2,683.5,6.7,0.96,4.88,,,,
2026-06-15,874.9,805.0,69.9,7.99,73.98,,,,
2026-06-16,690.2,687.5,2.7,0.4,5.64,,,,
2026-06-17,694.8,697.4,2.6,0.37,6.2,,,,
2026-06-18,690.0,689.0,1.0,0.14,4.95,,,,
2026-06-19,690.8,733.8,43.0,6.23,18.45,,,,
2026-06-20,700.1,672.6,27.5,3.93,8.93,,,,
2026-06-21,681.5,683.5,2.0,0.3,4.77,,,,
2026-06-22,717.2,805.0,87.8,12.24,70.85,,,,
2026-06-23,695.9,687.5,8.4,1.21,5.9,,,,
2026-06-24,649.9,697.4,47.5,7.31,30.29,,,,
2026-06-25,690.7,689.0,1.7,0.24,5.64,680.3,10.4,1.51,6.88
2026-06-26,887.6,733.8,153.8,17.32,75.84,680.1,207.5,23.38,102.92
2026-06-27,686.4,672.6,13.8,2.01,8.42,680.0,6.4,0.93,6.29
2026-06-28,688.3,683.5,4.8,0.69,4.81,680.3,8.0,1.16,6.4
2026-06-29,871.5,805.0,66.5,7.63,75.93,830.8,40.7,4.67,93.27
2026-06-30,685.2,687.5,2.3,0.33,5.26,683.0,2.2,0.32,6.41
