date,scenario
2026-06-01,NORMAL
2026-06-02,NORMAL
2026-06-03,HOT
2026-06-04,HIGH_OCCUPANCY
2026-06-05,NORMAL
2026-06-06,LOW_OCCUPANCY
2026-06-07,NORMAL
2026-06-08,HIGH_PRODUCTION
2026-06-09,NORMAL
2026-06-10,HOT
2026-06-11,EQUIPMENT_FAILURE
2026-06-12,NORMAL
2026-06-13,MULTIPLE_OPTOUTS
2026-06-14,NORMAL
2026-06-15,EXTREME_HEAT
2026-06-16,NORMAL
2026-06-17,MISSING_DATA
2026-06-18,NORMAL
2026-06-19,HIGH_OCCUPANCY
2026-06-20,OFFLINE
2026-06-21,NORMAL
2026-06-22,HOT
2026-06-23,NORMAL
2026-06-24,LOW_OCCUPANCY
2026-06-25,NORMAL
2026-06-26,HIGH_PRODUCTION
2026-06-27,EQUIPMENT_FAILURE
2026-06-28,NORMAL
2026-06-29,EXTREME_HEAT
2026-06-30,NORMAL
