timestamp,zone_id,preference,reason
2026-06-13 13:00:00,OFFICE_A,TEMPORARY_OPT_OUT,Scheduled activity
2026-06-13 13:00:00,WAREHOUSE,TEMPORARY_OPT_OUT,Scheduled activity
2026-06-13 13:00:00,UTILITY,TEMPORARY_OPT_OUT,Scheduled activity
2026-06-13 13:15:00,OFFICE_A,TEMPORARY_OPT_OUT,Scheduled activity
2026-06-13 13:15:00,WAREHOUSE,TEMPORARY_OPT_OUT,Scheduled activity
2026-06-13 13:15:00,UTILITY,TEMPORARY_OPT_OUT,Scheduled activity
2026-06-13 13:30:00,OFFICE_A,TEMPORARY_OPT_OUT,Scheduled activity
2026-06-13 13:30:00,WAREHOUSE,TEMPORARY_OPT_OUT,Scheduled activity
2026-06-13 13:30:00,UTILITY,TEMPORARY_OPT_OUT,Scheduled activity
2026-06-13 13:45:00,OFFICE_A,TEMPORARY_OPT_OUT,Scheduled activity
2026-06-13 13:45:00,WAREHOUSE,TEMPORARY_OPT_OUT,Scheduled activity
2026-06-13 13:45:00,UTILITY,TEMPORARY_OPT_OUT,Scheduled activity
2026-06-13 14:00:00,OFFICE_A,TEMPORARY_OPT_OUT,Scheduled activity
2026-06-13 14:00:00,WAREHOUSE,TEMPORARY_OPT_OUT,Scheduled activity
2026-06-13 14:00:00,UTILITY,TEMPORARY_OPT_OUT,Scheduled activity
2026-06-13 14:15:00,OFFICE_A,TEMPORARY_OPT_OUT,Scheduled activity
2026-06-13 14:15:00,WAREHOUSE,TEMPORARY_OPT_OUT,Scheduled activity
2026-06-13 14:15:00,UTILITY,TEMPORARY_OPT_OUT,Scheduled activity
2026-06-13 14:30:00,OFFICE_A,TEMPORARY_OPT_OUT,Scheduled activity
2026-06-13 14:30:00,WAREHOUSE,TEMPORARY_OPT_OUT,Scheduled activity
2026-06-13 14:30:00,UTILITY,TEMPORARY_OPT_OUT,Scheduled activity
2026-06-13 14:45:00,OFFICE_A,TEMPORARY_OPT_OUT,Scheduled activity
2026-06-13 14:45:00,WAREHOUSE,TEMPORARY_OPT_OUT,Scheduled activity
2026-06-13 14:45:00,UTILITY,TEMPORARY_OPT_OUT,Scheduled activity
2026-06-13 15:00:00,OFFICE_A,TEMPORARY_OPT_OUT,Scheduled activity
2026-06-13 15:00:00,WAREHOUSE,TEMPORARY_OPT_OUT,Scheduled activity
2026-06-13 15:00:00,UTILITY,TEMPORARY_OPT_OUT,Scheduled activity
2026-06-13 15:15:00,OFFICE_A,TEMPORARY_OPT_OUT,Scheduled activity
2026-06-13 15:15:00,WAREHOUSE,TEMPORARY_OPT_OUT,Scheduled activity
2026-06-13 15:15:00,UTILITY,TEMPORARY_OPT_OUT,Scheduled activity
2026-06-13 15:30:00,OFFICE_A,TEMPORARY_OPT_OUT,Scheduled activity
2026-06-13 15:30:00,WAREHOUSE,TEMPORARY_OPT_OUT,Scheduled activity
2026-06-13 15:30:00,UTILITY,TEMPORARY_OPT_OUT,Scheduled activity
2026-06-13 15:45:00,OFFICE_A,TEMPORARY_OPT_OUT,Scheduled activity
2026-06-13 15:45:00,WAREHOUSE,TEMPORARY_OPT_OUT,Scheduled activity
2026-06-13 15:45:00,UTILITY,TEMPORARY_OPT_OUT,Scheduled activity
